[
  {
    "id": "RFP-001",
    "title": "Network Modernization for Regional Offices",
    "agency": "GSA",
    "naics": "541512",
    "setAside": ["8(a)", "WOSB"],
    "vehicle": "GSA MAS",
    "dueDate": "2025-10-30",
    "status": "Draft",
    "percentComplete": 35,
    "fitScore": 78,
    "ceiling": 2500000,
    "keywords": ["network", "modernization"]
  },
  {
    "id": "RFP-002",
    "title": "Cloud Migration and Security Hardening",
    "agency": "USDA",
    "naics": "541519",
    "setAside": ["SB"],
    "vehicle": "Alliant 2",
    "dueDate": "2025-11-12",
    "status": "Ready",
    "percentComplete": 60,
    "fitScore": 84,
    "ceiling": 4800000,
    "keywords": ["cloud", "security", "migration"]
  },
  {
    "id": "RFP-003",
    "title": "AI-enabled Help Desk Pilot",
    "agency": "DOE",
    "naics": "541511",
    "setAside": ["SDVOSB"],
    "vehicle": "GSA MAS",
    "dueDate": "2025-10-20",
    "status": "Submitted",
    "percentComplete": 100,
    "fitScore": 71,
    "ceiling": 900000,
    "keywords": ["AI", "help desk"]
  },
  {
    "id": "RFP-004",
    "title": "Data Warehouse Optimization",
    "agency": "HHS",
    "naics": "541512",
    "setAside": ["SB", "HUBZone"],
    "vehicle": "CIO-SP3",
    "dueDate": "2025-11-05",
    "status": "Ready",
    "percentComplete": 75,
    "fitScore": 88,
    "ceiling": 3200000,
    "keywords": ["data", "warehouse", "optimization"]
  },
  {
    "id": "RFP-005",
    "title": "Contact Center Modernization",
    "agency": "VA",
    "naics": "517311",
    "setAside": ["VOSB"],
    "vehicle": "GSA MAS",
    "dueDate": "2025-10-25",
    "status": "Draft",
    "percentComplete": 20,
    "fitScore": 65,
    "ceiling": 1500000,
    "keywords": ["contact center", "telephony"]
  },
  {
    "id": "RFP-006",
    "title": "Zero Trust Architecture Pilot",
    "agency": "DHS",
    "naics": "541513",
    "setAside": ["SB"],
    "vehicle": "Alliant 2",
    "dueDate": "2025-12-01",
    "status": "Draft",
    "percentComplete": 10,
    "fitScore": 82,
    "ceiling": 5200000,
    "keywords": ["zero trust", "ztaa", "security"]
  },
  {
    "id": "RFP-007",
    "title": "SaaS Licensing & Optimization",
    "agency": "DOC",
    "naics": "541519",
    "setAside": ["WOSB"],
    "vehicle": "GSA MAS",
    "dueDate": "2025-10-18",
    "status": "Awarded",
    "percentComplete": 100,
    "fitScore": 69,
    "ceiling": 600000,
    "keywords": ["saas", "finops"]
  },
  {
    "id": "RFP-008",
    "title": "Unified Endpoint Management",
    "agency": "DOD",
    "naics": "541512",
    "setAside": ["SB"],
    "vehicle": "CIO-SP3",
    "dueDate": "2025-11-20",
    "status": "Lost",
    "percentComplete": 100,
    "fitScore": 61,
    "ceiling": 4100000,
    "keywords": ["uems", "device"]
  },
  {
    "id": "RFP-009",
    "title": "Geospatial Analytics Platform",
    "agency": "NOAA",
    "naics": "541511",
    "setAside": ["HUBZone"],
    "vehicle": "GSA MAS",
    "dueDate": "2025-10-28",
    "status": "Ready",
    "percentComplete": 70,
    "fitScore": 86,
    "ceiling": 2800000,
    "keywords": ["geospatial", "gis"]
  },
  {
    "id": "RFP-010",
    "title": "Identity & Access Modernization",
    "agency": "SSA",
    "naics": "541512",
    "setAside": ["SB", "8(a)"],
    "vehicle": "Alliant 2",
    "dueDate": "2025-11-08",
    "status": "Submitted",
    "percentComplete": 100,
    "fitScore": 79,
    "ceiling": 3600000,
    "keywords": ["iam", "identity", "sso"]
  }
]
